{"cameraMode":{"drawMode":0,"name":"Shaded","section":"Shading Mode"},"sceneLighting":false,"audioPlay":false,"sceneViewState":{"m_AlwaysRefresh":false,"showFog":true,"showSkybox":false,"showFlares":true,"showImageEffects":true,"showParticleSystems":true,"showVisualEffectGraphs":true,"m_FxEnabled":true},"in2DMode":false,"pivot":{"x":-0.04811286926269531,"y":1.1067707538604737,"z":0.22022688388824464},"rotation":{"x":0.013832204043865204,"y":-0.6233477592468262,"z":-0.011029877699911595,"w":-0.7817384600639343},"size":2.713167905807495,"orthographic":false}